
INSERT INTO company (name) VALUES
    ('CLEVER NATION');

INSERT INTO audience (name, description) VALUES
                                             ('1 аудиторія', 'кабінет англійської мови на 8 учнів'),
                                             ('2 аудиторія', 'малий кабінет логопеда'),
                                             ('3 аудиторія', 'кабінет інформаційних технологій'),
                                             ('4 аудиторія', 'кабінет підготовки до школи'),
                                             ('5 аудиторія', 'великий кабінет');

INSERT INTO teacher (first_name, last_name, birth_date) VALUES
                                                            ('Олена', 'Шашчак', '01.01.1984'),
                                                            ('Маряна', 'Семко', '01.01.1985'),
                                                            ('Тетяна', 'Кулик', '01.01.1986'),
                                                            ('Віра', 'Петреній', '01.01.1987');

INSERT INTO subject (name) VALUES
                               ('Читарика'),
                               ('Букварика'),
                               ('Ліберика'),
                               ('Англійська'),
                               ('Робототехніка');

INSERT INTO gang (subject_id, teacher_id, name, description) VALUES
                                                                 ('1','1','Читарика-ОШ',' опис групи'),
                                                                 ('2','2','Букварика-МС',' опис групи'),
                                                                 ('3','3','Ліберика-ТК',' опис групи'),
                                                                 ('4','4','Англійська-ВП',' опис групи');

INSERT INTO student (first_name, last_name,
                     contact_name, phone, gender, student_status, birth_date) VALUES
                                                                                  ('Олег', 'Маршалко', 'мама Олена', '0671111111', 'ХЛОПЕЦЬ', 'УЧЕНЬ', '01.01.2011'),
                                                                                  ('Іван', 'Пилипчак', 'мама Олена', '0671111111', 'ХЛОПЕЦЬ', 'УЧЕНЬ', '01.01.2011'),
                                                                                  ('Дмитро', 'Богуславець', 'мама Олена', '0671111111', 'ХЛОПЕЦЬ', 'УЧЕНЬ', '01.01.2011'),
                                                                                  ('Олена', 'Бивень', 'мама Олена', '0671111111', 'ДІВЧИНА', 'УЧЕНЬ', '01.01.2011'),
                                                                                  ( 'Оксана', 'Куличок', 'мама Олена', '0671111111', 'ДІВЧИНА', 'УЧЕНЬ', '01.01.2011'),
                                                                                  ('Іванка', 'Зарічна', 'мама Олена', '0671111111', 'ДІВЧИНА', 'УЧЕНЬ', '01.01.2011'),
                                                                                  ('Тарас', 'Швидкий', 'мама Олена', '0671111111', 'ХЛОПЕЦЬ', 'УЧЕНЬ', '01.01.2011'),
                                                                                  ('Василь', 'Добрийдень', 'мама Олена', '0671111111', 'ХЛОПЕЦЬ', 'УЧЕНЬ', '01.01.2011'),
                                                                                  ('Богдан', 'Добрийвечір', 'мама Олена', '0671111111', 'ХЛОПЕЦЬ', 'УЧЕНЬ', '01.01.2011'),
                                                                                  ('Марта', 'Зозуля', 'мама Олена', '0671111111', 'ДІВЧИНА', 'УЧЕНЬ', '01.01.2011'),
                                                                                  ('Ірина', 'Шпак', 'мама Олена', '0671111111', 'ДІВЧИНА', 'УЧЕНЬ', '01.01.2011'),
                                                                                  ('Христина', 'Соловій', 'мама Олена', '0671111111', 'ДІВЧИНА', 'УЧЕНЬ', '01.01.2011');

INSERT INTO gangs_students (gang_id, student_id) VALUES
                                                     ('1', '1'),
                                                     ('1', '2'),
                                                     ('1', '3'),
                                                     ('2', '4'),
                                                     ('2', '5'),
                                                     ('2', '6'),
                                                     ('3', '7'),
                                                     ('3', '8'),
                                                     ('3', '9');


INSERT INTO schedule (subject_id, audience_id, gang_id, week_day, start_time, end_time) VALUES
                                                                                            ('1', '1', '1', 'ПОНЕДІЛОК', '12:00', '13:00'),
                                                                                            ('2', '2', '2', 'ПОНЕДІЛОК', '13:00', '14:00');

INSERT INTO lesson (subject_id, gang_id, audience_id, lesson_date, lesson_start, lesson_end) VALUES
                                                                                                 ('1', '1', '1', '09.01.2025', '12:00', '13:00'),
                                                                                                 ('1', '1', '1', '09.09.2025', '12:00', '13:00'),
                                                                                                 ('1', '1', '1', '09.10.2025', '12:00', '13:00'),
                                                                                                 ('1', '1', '1', '09.11.2025', '12:00', '13:00'),
                                                                                                 ('2', '2', '2', '09.01.2025', '12:00', '13:00');

INSERT INTO lessons_students (lesson_id, student_id, is_student_present, is_lesson_payed) VALUES
                                                                                              ('1', '1', 'true', 'false'),
                                                                                              ('1', '2', 'true', 'true'),
                                                                                              ('1', '3', 'true', 'true'),
                                                                                              ('2', '1', 'true', 'true'),
                                                                                              ('2', '2', 'true', 'true'),
                                                                                              ('2', '3', 'true', 'true'),
                                                                                              ('3', '1', 'true', 'true'),
                                                                                              ('3', '2', 'true', 'true'),
                                                                                              ('3', '3', 'true', 'true'),
                                                                                              ('4', '1', 'false', 'true'),
                                                                                              ('4', '2', 'true', 'true'),
                                                                                              ('4', '3', 'true', 'true'),
                                                                                              ('5', '4', 'true', 'true'),
                                                                                              ('5', '5', 'true', 'true'),
                                                                                              ('5', '6', 'true', 'true');


INSERT INTO price (subject_id, name, price_value, price_date) VALUES
                                                                  ('1', 'базова', '100', '09.01.2025'),
                                                                  ('1', 'базова', '150', '09.09.2025'),
                                                                  ('2', 'базова', '100', '09.01.2025'),
                                                                  ('3', 'базова', '100', '09.01.2025'),
                                                                  ('4', 'базова', '100', '09.01.2025');


INSERT INTO discount (name, discount_value, discount_date) VALUES
                                                               ('ДРУГИЙ КУРС', '30', '09.01.2025'),
                                                               ('ПРИВЕДИ ДРУГА', '20', '09.02.2025'),
                                                               ('УБД', '50', '09.001.2025');

INSERT INTO payment (student_id, payment_value, description, payment_date) VALUES
                                                                               ('1', '1000', 'платіж за курс', '09.09.2025'),
                                                                               ('2', '1000', 'платіж за курс', '09.01.2025'),
                                                                               ('3', '1000', 'платіж за курс', '09.01.2025');

INSERT INTO students_discounts (student_id, discount_id, subject_id, students_discounts_date) VALUES
                                                                                                  ('1', '1', '1', '09.01.2025'),
                                                                                                  ('2', '2', '2', '09.02.2025'),
                                                                                                  ('3', '3', '3', '09.03.2025');